Date,AAPL,AMZN,JPM,JNJ,XOM,GE,HD
2012-01-09,14.993213653564453,8.920999526977539,35.91999816894531,65.26000213623047,84.87999725341797,113.13276672363281,43.5099983215332
2012-01-16,15.010713577270508,9.546500205993652,37.36000061035156,65.2699966430664,87.48999786376953,114.99429321289062,44.5099983215332
2012-01-23,15.974286079406738,9.768500328063965,37.209999084472656,65.55999755859375,85.83000183105469,114.2737045288086,44.869998931884766
2012-01-30,16.417142868041992,9.383999824523926,38.279998779296875,65.63999938964844,84.91999816894531,114.21365356445312,45.16999816894531
2012-02-06,17.622142791748047,9.277000427246094,37.61000061035156,64.5999984741211,83.80000305175781,113.37296295166016,45.33000183105469
2012-02-13,17.932857513427734,9.125,38.470001220703125,64.98999786376953,85.62000274658203,115.77493286132812,46.709999084472656
2012-02-20,18.657499313354492,8.956500053405762,38.279998779296875,64.45999908447266,87.33999633789062,115.53473663330078,46.97999954223633
2012-02-27,19.470714569091797,8.96500015258789,40.630001068115234,64.7699966430664,86.33000183105469,113.91340637207031,47.40999984741211
2012-03-05,19.47035789489746,9.215999603271484,41.029998779296875,64.73999786376953,84.30000305175781,114.33375549316406,48.099998474121094
2012-03-12,20.9132137298584,9.2524995803833,44.56999969482422,65.12000274658203,86.44000244140625,121.29946899414062,49.04999923706055
2012-03-19,21.287500381469727,9.751999855041504,45.15999984741211,64.55000305175781,85.55000305175781,118.77739715576172,49.540000915527344
2012-03-26,21.412500381469727,10.125499725341797,45.97999954223633,65.95999908447266,86.7300033569336,120.5188217163086,50.310001373291016
2012-04-02,22.63142967224121,9.719499588012695,44.34000015258789,65.33999633789062,84.81999969482422,117.03597259521484,50.619998931884766
2012-04-09,21.6153564453125,9.42300033569336,43.209999084472656,63.540000915527344,82.94999694824219,113.37296295166016,50.959999084472656
2012-04-16,20.463571548461914,9.49899959564209,42.720001220703125,63.709999084472656,85.30000305175781,116.25532531738281,51.459999084472656
2012-04-23,21.53571319580078,11.342499732971191,43.34000015258789,64.83999633789062,86.08000183105469,118.77739715576172,51.95000076293945
2012-04-30,20.1875,11.19950008392334,41.75,64.73999786376953,84.56999969482422,116.1352310180664,51.959999084472656
2012-05-07,20.239643096923828,11.383999824523926,36.959999084472656,64.33999633789062,83.0999984741211,114.15360260009766,50.34000015258789
2012-05-14,18.942142486572266,10.692500114440918,33.4900016784668,63.349998474121094,81.47000122070312,113.7933120727539,47.04999923706055
2012-05-21,20.081785202026367,10.644499778747559,33.5,62.5099983215332,82.08000183105469,115.29454040527344,49.439998626708984
2012-05-28,20.035356521606445,10.41100025177002,31.93000030517578,61.779998779296875,77.91999816894531,111.33129119873047,47.959999084472656
2012-06-04,20.7257137298584,10.923999786376953,33.68000030517578,62.97999954223633,80.83999633789062,115.29454040527344,52.349998474121094
2012-06-11,20.504642486572266,10.917499542236328,35.029998779296875,66.01000213623047,83.22000122070312,120.09848022460938,51.869998931884766
2012-06-18,20.78928565979004,11.107999801635742,35.9900016784668,66.62999725341797,82.11000061035156,118.9575424194336,52.02000045776367
2012-06-25,20.85714340209961,11.417499542236328,35.72999954223633,67.55999755859375,85.56999969482422,125.14261627197266,52.9900016784668
2012-07-02,21.63857078552246,11.2524995803833,33.900001525878906,67.63999938964844,84.80000305175781,120.09848022460938,52.150001525878906
2012-07-09,21.60607147216797,10.919500350952148,36.06999969482422,68.61000061035156,85.47000122070312,118.71734619140625,52.09000015258789
2012-07-16,21.582143783569336,11.41450023651123,33.900001525878906,68.62999725341797,85.94999694824219,119.31784057617188,50.70000076293945
2012-07-23,20.898571014404297,11.866000175476074,36.88999938964844,69.5199966430664,87.44999694824219,125.62300872802734,53.709999084472656
2012-07-30,21.989286422729492,11.748499870300293,36.09000015258789,69.12000274658203,87.55000305175781,125.86320495605469,52.290000915527344
2012-08-06,22.203571319580078,11.637499809265137,36.970001220703125,68.63999938964844,88.44000244140625,126.70389556884766,53.060001373291016
2012-08-13,23.146785736083984,12.058500289916992,36.97999954223633,67.80000305175781,88.4000015258789,126.10340881347656,56.72999954223633
2012-08-20,23.68642807006836,12.286999702453613,37.16999816894531,67.5999984741211,88.05000305175781,124.90242004394531,56.959999084472656
2012-08-27,23.75857162475586,12.41349983215332,37.13999938964844,67.43000030517578,87.30000305175781,124.36197662353516,56.75
2012-09-03,24.301429748535156,12.956999778747559,39.29999923706055,67.87999725341797,89.91999816894531,129.6463165283203,57.2599983215332
2012-09-10,24.68857192993164,13.06350040435791,41.56999969482422,68.47000122070312,92.30000305175781,132.7688751220703,59.459999084472656
2012-09-17,25.00321388244629,12.873499870300293,40.880001068115234,69.05999755859375,91.91999816894531,135.2909393310547,59.41999816894531
2012-09-24,23.825000762939453,12.715999603271484,40.47999954223633,68.91000366210938,91.44999694824219,136.371826171875,60.369998931884766
2012-10-01,23.306785583496094,12.92549991607666,41.709999084472656,69.6500015258789,92.55000305175781,138.83384704589844,63.20000076293945
2012-10-08,22.489643096923828,12.118000030517578,41.619998931884766,67.97000122070312,91.02999877929688,134.99069213867188,59.560001373291016
2012-10-15,21.780000686645508,12.0,42.31999969482422,71.86000061035156,92.1500015258789,132.28848266601562,61.88999938964844
2012-10-22,21.571428298950195,11.911999702453613,41.15999984741211,70.9000015258789,90.62000274658203,126.76394653320312,60.040000915527344
2012-10-29,20.600000381469727,11.621000289916992,42.41999816894531,70.9000015258789,90.2699966430664,127.96492767333984,62.02000045776367
2012-11-05,19.537857055664062,11.315500259399414,40.619998931884766,69.87000274658203,87.20999908447266,126.10340881347656,60.959999084472656
2012-11-12,18.845714569091797,11.261500358581543,39.529998779296875,69.19000244140625,86.44999694824219,120.99922180175781,62.119998931884766
2012-11-19,20.41071319580078,11.994000434875488,41.09000015258789,69.55999755859375,89.08999633789062,126.3436050415039,64.81999969482422
2012-11-26,20.902856826782227,12.602499961853027,41.08000183105469,69.7300033569336,88.13999938964844,126.88404846191406,65.06999969482422
2012-12-03,19.04464340209961,12.66349983215332,42.560001373291016,70.44999694824219,88.5999984741211,128.8656768798828,64.44999694824219
2012-12-10,18.206785202026367,12.459500312805176,42.810001373291016,70.69000244140625,88.08000183105469,129.8264617919922,62.060001373291016
2012-12-17,18.547500610351562,12.845999717712402,44.0,70.2699966430664,87.2300033569336,125.3828125,61.31999969482422
2012-12-24,18.199642181396484,12.258999824523926,43.2400016784668,69.4800033569336,85.0999984741211,122.74064636230469,60.650001525878906
2012-12-31,18.821428298950195,12.957500457763672,45.36000061035156,71.55000305175781,88.95999908447266,127.30438995361328,63.18000030517578
2013-01-07,18.582143783569336,13.397000312805176,46.13999938964844,72.3499984741211,89.61000061035156,126.88404846191406,63.70000076293945
2013-01-14,17.85714340209961,13.605999946594238,46.459999084472656,73.2300033569336,90.80000305175781,132.34852600097656,65.47000122070312
2013-01-21,15.710000038146973,14.19950008392334,47.15999984741211,73.91999816894531,91.7300033569336,133.84976196289062,67.81999969482422
2013-01-28,16.200714111328125,13.25,47.849998474121094,74.18000030517578,90.04000091552734,135.8313751220703,67.30000305175781
2013-02-04,16.963571548461914,13.09749984741211,48.630001068115234,75.4800033569336,88.61000061035156,135.1107940673828,67.01000213623047
2013-02-11,16.43428611755371,13.254500389099121,48.880001068115234,76.16000366210938,88.36000061035156,139.85467529296875,67.5199966430664
2013-02-18,16.100357055664062,13.270999908447266,48.90999984741211,76.25,89.19999694824219,140.45516967773438,65.58000183105469
2013-02-25,15.373929023742676,13.286999702453613,48.90999984741211,76.69999694824219,89.43000030517578,139.25418090820312,69.02999877929688
2013-03-04,15.418571472167969,13.709500312805176,50.20000076293945,78.19000244140625,88.97000122070312,142.73704528808594,71.37000274658203
2013-03-11,15.845000267028809,13.090999603271484,50.02000045776367,79.19000244140625,89.37000274658203,140.7554168701172,69.05000305175781
2013-03-18,16.49678611755371,12.887499809265137,48.779998779296875,79.73999786376953,89.29000091552734,140.33506774902344,69.55999755859375
2013-03-25,15.809286117553711,13.32450008392334,47.459999084472656,81.52999877929688,90.11000061035156,138.83384704589844,69.77999877929688
2013-04-01,15.114286422729492,12.77400016784668,47.90999984741211,82.04000091552734,89.01000213623047,137.69290161132812,70.05999755859375
2013-04-08,15.350000381469727,13.643500328063965,49.0099983215332,82.73999786376953,88.98999786376953,140.87551879882812,73.62000274658203
2013-04-15,13.947500228881836,13.015999794006348,47.22999954223633,84.48999786376953,87.44999694824219,130.6071014404297,74.0
2013-04-22,14.899999618530273,12.740500450134277,48.880001068115234,85.12000274658203,88.0,133.36936950683594,73.3499984741211
2013-04-29,16.070714950561523,12.90250015258789,47.56999969482422,85.75,90.0199966430664,135.53114318847656,73.95999908447266
2013-05-06,16.177499771118164,13.181500434875488,48.959999084472656,85.76000213623047,90.13999938964844,137.51275634765625,76.01000213623047
2013-05-13,15.473570823669434,13.494999885559082,52.29999923706055,88.08999633789062,91.76000213623047,140.87551879882812,76.86000061035156
2013-05-20,15.898214340209961,13.086999893188477,53.65999984741211,86.81999969482422,91.52999877929688,141.29586791992188,78.98999786376953
2013-05-27,16.061786651611328,13.460000038146973,54.59000015258789,84.18000030517578,90.47000122070312,140.0348358154297,78.66000366210938
2013-06-03,15.778928756713867,13.843500137329102,54.27000045776367,84.91000366210938,91.44999694824219,143.27748107910156,78.73999786376953
2013-06-10,15.358928680419922,13.69950008392334,53.130001068115234,84.91000366210938,90.58000183105469,141.23580932617188,76.58999633789062
2013-06-17,14.76785659790039,13.668000221252441,51.959999084472656,83.19999694824219,89.4800033569336,140.2750244140625,73.81999969482422
2013-06-24,14.161786079406738,13.884499549865723,52.790000915527344,85.86000061035156,90.3499984741211,139.25418090820312,77.47000122070312
2013-07-01,14.907856941223145,14.293999671936035,53.9900016784668,87.87000274658203,91.56999969482422,139.55442810058594,78.29000091552734
2013-07-08,15.232500076293945,15.3774995803833,54.970001220703125,89.98999786376953,93.4000015258789,142.677001953125,80.54000091552734
2013-07-15,15.176786422729492,15.261500358581543,56.15999984741211,92.2300033569336,95.16999816894531,148.4417266845703,79.88999938964844
2013-07-22,15.749643325805664,15.600500106811523,56.04999923706055,92.83000183105469,94.79000091552734,148.02137756347656,78.73999786376953
2013-07-29,16.519285202026367,15.21049976348877,56.4900016784668,94.38999938964844,91.94999694824219,148.32162475585938,80.2300033569336
2013-08-05,16.230356216430664,14.86299991607666,54.52000045776367,92.36000061035156,90.72000122070312,145.61941528320312,78.97000122070312
2013-08-12,17.940357208251953,14.241000175476074,53.290000915527344,89.37000274658203,87.91000366210938,143.81793212890625,75.37999725341797
2013-08-19,17.893571853637695,14.500499725341797,52.31999969482422,88.41000366210938,87.5199966430664,142.79708862304688,73.88999938964844
2013-08-26,17.400714874267578,14.048999786376953,50.529998779296875,86.41000366210938,87.16000366210938,138.95394897460938,74.48999786376953
2013-09-02,17.79357147216797,14.793000221252441,52.560001373291016,87.16000366210938,87.25,139.07403564453125,72.69999694824219
2013-09-09,16.60357093811035,14.895999908447266,52.59000015258789,88.56999969482422,88.4000015258789,142.79708862304688,75.11000061035156
2013-09-16,16.693214416503906,15.817000389099121,52.79999923706055,89.68000030517578,88.66000366210938,144.17822265625,77.0
2013-09-23,17.241071701049805,15.80049991607666,52.2400016784668,86.7300033569336,86.9000015258789,144.41842651367188,75.95999908447266
2013-09-30,17.25107192993164,15.95199966430664,52.66999816894531,87.30999755859375,86.31999969482422,144.41842651367188,75.77999877929688
2013-10-07,17.600357055664062,15.544500350952148,52.5099983215332,89.44999694824219,86.94999694824219,146.5201416015625,76.31999969482422
2013-10-14,18.17464256286621,16.446500778198242,54.29999923706055,91.62999725341797,87.55000305175781,153.42581176757812,74.69000244140625
2013-10-21,18.784286499023438,18.16950035095215,52.77000045776367,92.08999633789062,87.97000122070312,155.40744018554688,76.25
2013-10-28,18.572500228881836,17.950000762939453,52.5099983215332,93.37000274658203,89.81999969482422,159.3706817626953,76.98999786376953
2013-11-04,18.591428756713867,17.515499114990234,53.959999084472656,94.05000305175781,92.7300033569336,162.43319702148438,75.4800033569336
2013-11-11,18.749643325805664,18.458499908447266,54.869998931884766,94.38999938964844,95.2699966430664,163.3339385986328,80.02999877929688
2013-11-18,18.564285278320312,18.61549949645996,57.459999084472656,95.25,95.01000213623047,162.61334228515625,79.18000030517578
2013-11-25,19.859643936157227,19.680999755859375,57.220001220703125,94.66000366210938,93.4800033569336,160.09127807617188,80.66999816894531
2013-12-02,20.000713348388672,19.34749984741211,56.060001373291016,94.44000244140625,95.6500015258789,161.7726593017578,79.83999633789062
2013-12-09,19.801071166992188,19.211999893188477,56.16999816894531,91.3499984741211,95.30999755859375,161.1721649169922,79.01000213623047
2013-12-16,19.60785675048828,20.110000610351562,57.70000076293945,92.08999633789062,98.68000030517578,164.2947235107422,80.04000091552734
2013-12-23,20.00321388244629,19.90399932861328,58.13999938964844,92.3499984741211,101.51000213623047,167.11703491210938,81.63999938964844
2013-12-30,19.320714950561523,19.82200050354004,58.65999984741211,91.8499984741211,99.51000213623047,165.01531982421875,81.88999938964844
2014-01-06,19.033571243286133,19.882999420166016,58.4900016784668,94.73999786376953,100.5199966430664,161.8927459716797,82.01000213623047
2014-01-13,19.309642791748047,19.980499267578125,58.11000061035156,95.05999755859375,99.16000366210938,159.6108856201172,81.0
2014-01-20,19.502500534057617,19.3799991607666,55.09000015258789,90.61000061035156,94.8499984741211,149.82286071777344,79.16000366210938
2014-01-27,17.878570556640625,17.934499740600586,55.36000061035156,88.47000122070312,92.16000366210938,150.90374755859375,76.8499984741211
2014-02-03,18.559999465942383,18.054000854492188,56.619998931884766,90.04000091552734,90.58000183105469,151.2640380859375,76.44999694824219
2014-02-10,19.428213119506836,17.86750030517578,58.150001525878906,92.76000213623047,94.11000061035156,154.56674194335938,77.93000030517578
2014-02-17,18.758928298950195,17.33799934387207,57.61000061035156,91.5199966430664,95.02999877929688,149.76280212402344,77.73999786376953
2014-02-24,18.794286727905273,18.104999542236328,56.81999969482422,92.12000274658203,96.2699966430664,152.94541931152344,82.02999877929688
2014-03-03,18.944286346435547,18.60300064086914,59.400001525878906,93.31999969482422,94.98999786376953,156.90866088867188,82.55000305175781
2014-03-10,18.738929748535156,18.687000274658203,56.79999923706055,92.80999755859375,93.47000122070312,150.7836456298828,79.37999725341797
2014-03-17,19.031070709228516,18.0310001373291,60.16999816894531,95.93000030517578,94.30999755859375,152.5250701904297,80.41999816894531
2014-03-24,19.17357063293457,16.914499282836914,60.040000915527344,97.44000244140625,97.69999694824219,155.40744018554688,78.72000122070312
2014-03-31,18.99357032775879,16.149999618530273,59.810001373291016,98.41999816894531,97.36000061035156,156.2481231689453,78.72000122070312
2014-04-07,18.5575008392334,15.58650016784668,55.29999923706055,96.87000274658203,96.72000122070312,152.70521545410156,75.69999694824219
2014-04-14,18.74785614013672,16.245500564575195,55.220001220703125,98.95999908447266,100.41999816894531,159.49078369140625,77.08999633789062
2014-04-21,20.426429748535156,15.191499710083008,55.70000076293945,99.79000091552734,100.41000366210938,159.73097229003906,79.37999725341797
2014-04-28,21.163570404052734,15.400500297546387,55.58000183105469,99.30999755859375,102.01000213623047,160.2113800048828,79.4000015258789
2014-05-05,20.91214370727539,14.612000465393066,54.0099983215332,100.91000366210938,101.94999694824219,158.65008544921875,77.70999908447266
2014-05-12,21.339643478393555,14.885000228881836,53.310001373291016,100.58000183105469,100.73999786376953,160.1513214111328,77.36000061035156
2014-05-19,21.93321418762207,15.612000465393066,54.529998779296875,100.9800033569336,101.31999969482422,159.19053649902344,79.18000030517578
2014-05-26,22.60714340209961,15.6274995803833,55.56999969482422,101.45999908447266,100.52999877929688,160.87191772460938,80.2300033569336
2014-06-02,23.05607032775879,16.48349952697754,56.970001220703125,103.18000030517578,101.5999984741211,163.21383666992188,80.63999938964844
2014-06-09,22.81999969482422,16.313499450683594,57.040000915527344,102.52999877929688,102.6500015258789,162.37313842773438,78.06999969482422
2014-06-16,22.727500915527344,16.209999084472656,57.54999923706055,105.2699966430664,103.83000183105469,161.9528045654297,80.16999816894531
2014-06-23,22.9950008392334,16.228500366210938,57.529998779296875,104.98999786376953,101.20999908447266,158.71014404296875,81.12999725341797
2014-06-30,23.50749969482422,16.874500274658203,57.04999923706055,105.41999816894531,102.58999633789062,161.29226684570312,82.05000305175781
2014-07-07,23.80500030517578,17.309999465942383,55.79999923706055,105.0999984741211,101.73999786376953,159.4307403564453,79.61000061035156
2014-07-14,23.607500076293945,17.933000564575195,58.22999954223633,101.80000305175781,102.7300033569336,158.89028930664062,80.08000183105469
2014-07-21,24.417499542236328,16.20050048828125,59.0099983215332,102.11000061035156,103.18000030517578,154.8669891357422,81.02999877929688
2014-07-28,24.032499313354492,15.352999687194824,56.47999954223633,99.9000015258789,98.80000305175781,152.22482299804688,79.75
2014-08-04,23.684999465942383,15.84000015258789,56.34000015258789,101.08000183105469,99.73999786376953,154.0863494873047,82.43000030517578
2014-08-11,24.4950008392334,16.681499481201172,56.75,101.16999816894531,99.02999877929688,153.96624755859375,83.69000244140625
2014-08-18,25.329999923706055,16.579500198364258,58.4900016784668,103.0999984741211,98.5,157.0287628173828,91.02999877929688
2014-08-25,25.625,16.95199966430664,59.45000076293945,103.7300033569336,99.45999908447266,156.00791931152344,93.5
2014-09-01,24.74250030517578,17.319000244140625,59.90999984741211,104.41999816894531,99.26000213623047,156.728515625,91.61000061035156
2014-09-08,25.415000915527344,16.559499740600586,60.029998779296875,104.58000183105469,95.77999877929688,155.34738159179688,88.83999633789062
2014-09-15,25.239999771118164,16.56599998474121,61.11000061035156,107.98999786376953,97.12000274658203,157.86944580078125,92.33999633789062
2014-09-22,25.1875,16.160499572753906,60.560001373291016,107.0999984741211,95.43000030517578,153.9062042236328,92.83999633789062
2014-09-29,24.905000686645508,16.136999130249023,60.29999923706055,105.12999725341797,93.91999816894531,152.5250701904297,93.54000091552734
2014-10-06,25.1825008392334,15.569499969482422,58.52000045776367,101.2300033569336,91.5999984741211,145.739501953125,92.55000305175781
2014-10-13,24.417499542236328,15.182000160217285,56.20000076293945,98.69999694824219,91.20999908447266,149.04222106933594,90.23999786376953
2014-10-20,26.30500030517578,14.352999687194824,58.7400016784668,103.12999725341797,94.48999786376953,153.96624755859375,94.98999786376953
2014-10-27,27.0,15.27299976348877,60.47999954223633,107.77999877929688,96.70999908447266,154.98709106445312,97.5199966430664
2014-11-03,27.252500534057617,14.993000030517578,61.470001220703125,108.19999694824219,96.58999633789062,158.5900421142578,97.6500015258789
2014-11-10,28.545000076293945,16.391000747680664,60.279998779296875,108.16000366210938,95.08999633789062,158.89028930664062,98.23999786376953
2014-11-17,29.11750030517578,16.631500244140625,60.45000076293945,107.86000061035156,96.80999755859375,162.07290649414062,98.27999877929688
2014-11-24,29.732500076293945,16.93199920654297,60.15999984741211,108.25,90.54000091552734,159.0704345703125,99.4000015258789
2014-12-01,28.75,15.631500244140625,62.70000076293945,108.51000213623047,93.81999969482422,156.18807983398438,99.63999938964844
2014-12-08,27.4325008392334,15.366000175476074,60.040000915527344,104.43000030517578,86.5999984741211,149.46255493164062,99.77999877929688
2014-12-15,27.94499969482422,14.994999885559082,61.93000030517578,105.55000305175781,93.63999938964844,153.84616088867188,101.93000030517578
2014-12-22,28.497499465942383,15.454500198364258,62.54999923706055,105.05999755859375,93.20999908447266,154.80694580078125,103.75
2014-12-29,27.332500457763672,15.425999641418457,62.4900016784668,104.5199966430664,92.83000183105469,150.4833984375,103.43000030517578
2015-01-05,28.002500534057617,14.846500396728516,59.34000015258789,104.94000244140625,92.0999984741211,144.29832458496094,104.88999938964844
2015-01-12,26.497499465942383,14.536999702453613,55.93000030517578,104.04000091552734,91.12000274658203,141.65615844726562,104.12000274658203
2015-01-19,28.2450008392334,15.619500160217285,56.68000030517578,102.19999694824219,90.88999938964844,147.0005340576172,105.37000274658203
2015-01-26,29.290000915527344,17.726499557495117,54.380001068115234,100.13999938964844,87.41999816894531,143.4576416015625,104.41999816894531
2015-02-02,29.732500076293945,18.714000701904297,57.88999938964844,101.0999984741211,91.5,147.24073791503906,109.04000091552734
2015-02-09,31.770000457763672,19.09149932861328,59.66999816894531,99.62000274658203,93.37000274658203,151.02383422851562,111.88999938964844
2015-02-16,32.375,19.183000564575195,59.79999923706055,100.26000213623047,89.91999816894531,151.38414001464844,112.23999786376953
2015-02-23,32.1150016784668,19.007999420166016,61.279998779296875,102.51000213623047,88.54000091552734,156.06797790527344,114.75
2015-03-02,31.649999618530273,19.004499435424805,60.88999938964844,100.11000061035156,85.62999725341797,152.64517211914062,114.44999694824219
2015-03-09,30.897499084472656,18.52899932861328,61.0,99.20999908447266,83.87000274658203,150.36329650878906,114.81999969482422
2015-03-16,31.475000381469727,18.92449951171875,61.75,102.4000015258789,84.54000091552734,152.5250701904297,117.48999786376953
2015-03-23,30.8125,18.527999877929688,59.54999923706055,100.33999633789062,83.58000183105469,149.28240966796875,113.86000061035156
2015-03-30,31.329999923706055,18.612499237060547,60.52000045776367,99.63999938964844,84.30000305175781,149.76280212402344,114.54000091552734
2015-04-06,31.774999618530273,19.13249969482422,61.70000076293945,102.05999755859375,85.55999755859375,171.20037841796875,115.23999786376953
2015-04-13,31.1875,18.777999877929688,62.84000015258789,99.58000183105469,86.93000030517578,163.63418579101562,112.0999984741211
2015-04-20,32.56999969482422,22.2549991607666,62.599998474121094,101.08000183105469,86.97000122070312,160.9319610595703,113.69999694824219
2015-04-27,32.23749923706055,21.14349937438965,63.61000061035156,100.12999725341797,88.8499984741211,163.99447631835938,109.55000305175781
2015-05-04,31.905000686645508,21.684499740600586,65.48999786376953,101.47000122070312,88.98999786376953,164.2947235107422,112.47000122070312
2015-05-11,32.192501068115234,21.299999237060547,65.87999725341797,102.30000305175781,87.3499984741211,163.7542724609375,113.3499984741211
2015-05-18,33.1349983215332,21.381500244140625,66.47000122070312,101.3499984741211,86.5199966430664,166.21629333496094,112.16000366210938
2015-05-25,32.56999969482422,21.46150016784668,65.77999877929688,100.13999938964844,85.19999694824219,163.7542724609375,111.41999816894531
2015-06-01,32.162498474121094,21.34749984741211,67.41999816894531,98.58999633789062,84.27999877929688,163.87437438964844,110.37000274658203
2015-06-08,31.792499542236328,21.496000289916992,68.25,98.3499984741211,84.0199966430664,164.47486877441406,110.5999984741211
2015-06-15,31.649999618530273,21.746000289916992,68.08000183105469,99.86000061035156,85.20999908447266,163.57412719726562,112.43000030517578
2015-06-22,31.6875,21.905000686645508,68.94999694824219,99.63999938964844,83.86000061035156,162.6733856201172,112.5999984741211
2015-06-29,31.610000610351562,21.885499954223633,67.5199966430664,98.44000244140625,83.13999938964844,160.81185913085938,111.48999786376953
2015-07-06,30.81999969482422,22.175500869750977,67.05000305175781,99.52999877929688,82.22000122070312,157.74935913085938,113.0999984741211
2015-07-13,32.404998779296875,24.15049934387207,69.20999908447266,100.08000183105469,82.61000061035156,163.57412719726562,114.47000122070312
2015-07-20,31.125,26.47100067138672,68.91000366210938,99.1500015258789,79.94000244140625,154.62680053710938,113.58999633789062
2015-07-27,30.325000762939453,26.8075008392334,68.52999877929688,100.20999908447266,79.20999908447266,156.728515625,117.02999877929688
2015-08-03,28.8799991607666,26.131000518798828,68.05000305175781,98.8499984741211,76.83000183105469,154.8669891357422,116.93000030517578
2015-08-10,28.989999771118164,26.576000213623047,67.88999938964844,98.80999755859375,78.36000061035156,156.60841369628906,119.75
2015-08-17,26.440000534057617,24.723499298095703,63.599998474121094,95.55999755859375,72.12999725341797,147.6610870361328,116.16000366210938
2015-08-24,28.322500228881836,25.90049934387207,64.12999725341797,95.16999816894531,75.06999969482422,151.08389282226562,117.5199966430664
2015-08-31,27.3174991607666,24.950000762939453,61.5,91.30999755859375,72.45999908447266,144.11817932128906,114.41999816894531
2015-09-07,28.552499771118164,26.472000122070312,62.560001373291016,92.93000030517578,72.69000244140625,149.82286071777344,115.44000244140625
2015-09-14,28.362499237060547,27.01300048828125,60.939998626708984,93.38999938964844,72.68000030517578,148.922119140625,115.12000274658203
2015-09-21,28.677499771118164,26.212499618530273,61.470001220703125,91.0,73.2300033569336,149.6427001953125,116.73999786376953
2015-09-28,27.594999313354492,26.62700080871582,60.810001373291016,93.93000030517578,75.87999725341797,152.94541931152344,117.80999755859375
2015-10-05,28.030000686645508,26.989999771118164,61.93000030517578,95.37000274658203,79.26000213623047,168.55821228027344,121.33000183105469
2015-10-12,27.760000228881836,28.538000106811523,62.43000030517578,98.23999786376953,82.4800033569336,174.022705078125,122.73999786376953
2015-10-19,29.770000457763672,29.951499938964844,63.869998931884766,100.30999755859375,82.9800033569336,177.20530700683594,124.61000061035156
2015-10-26,29.875,31.295000076293945,64.25,101.02999877929688,82.73999786376953,173.6623992919922,123.63999938964844
2015-11-02,30.264999389648438,32.96849822998047,68.45999908447266,101.91999816894531,84.47000122070312,179.66732788085938,125.9800033569336
2015-11-09,28.084999084472656,32.11750030517578,65.55999755859375,99.87999725341797,78.0999984741211,181.8291015625,120.0
2015-11-16,29.825000762939453,33.42250061035156,67.54000091552734,102.4800033569336,79.79000091552734,184.11097717285156,130.2100067138672
2015-11-23,29.452499389648438,33.66299819946289,67.16999816894531,102.37000274658203,81.2300033569336,182.3094940185547,134.74000549316406
2015-11-30,29.75749969482422,33.63199996948242,67.88999938964844,102.94999694824219,78.86000061035156,183.0901336669922,134.52999877929688
2015-12-07,28.295000076293945,32.00749969482422,64.06999969482422,101.68000030517578,74.33999633789062,181.70899963378906,130.44000244140625
2015-12-14,26.50749969482422,33.207000732421875,64.4000015258789,101.94999694824219,77.27999877929688,181.8291015625,130.2899932861328
2015-12-21,27.00749969482422,33.13949966430664,66.5999984741211,103.72000122070312,79.33000183105469,185.13180541992188,132.89999389648438
2015-12-28,26.315000534057617,33.794498443603516,66.02999877929688,102.72000122070312,77.94999694824219,187.0533905029297,132.25
2016-01-04,24.239999771118164,30.352500915527344,58.91999816894531,98.16000366210938,74.69000244140625,170.840087890625,123.9000015258789
2016-01-11,24.282499313354492,28.509000778198242,57.040000915527344,97.0,77.58000183105469,171.08029174804688,119.2300033569336
2016-01-18,25.354999542236328,29.819000244140625,56.95000076293945,96.75,76.56999969482422,169.5790557861328,122.76000213623047
2016-01-25,24.334999084472656,29.350000381469727,59.5,104.44000244140625,77.8499984741211,174.7432861328125,125.76000213623047
2016-02-01,23.5049991607666,25.10650062561035,57.75,100.54000091552734,80.08000183105469,171.3805389404297,116.43000030517578
2016-02-08,23.497499465942383,25.354000091552734,57.4900016784668,101.81999969482422,81.02999877929688,169.69915771484375,116.31999969482422
2016-02-15,24.010000228881836,26.7450008392334,57.81999969482422,104.16000366210938,82.5,174.2628936767578,121.69000244140625
2016-02-22,24.227500915527344,27.761499404907227,57.540000915527344,105.77999877929688,81.75,176.54476928710938,126.26000213623047
2016-02-29,25.752500534057617,28.756999969482422,60.04999923706055,106.5,82.29000091552734,182.9099884033203,125.55999755859375
2016-03-07,25.565000534057617,28.480499267578125,59.34000015258789,107.70999908447266,82.19000244140625,182.18939208984375,128.4600067138672
2016-03-14,26.479999542236328,27.604000091552734,60.47999954223633,107.5,84.19999694824219,185.67225646972656,131.35000610351562
2016-03-21,26.417499542236328,29.147499084472656,59.47999954223633,108.30999755859375,83.9800033569336,186.8131866455078,130.4600067138672
2016-03-28,27.497499465942383,29.924999237060547,59.869998931884766,109.19000244140625,82.95999908447266,191.7372283935547,134.85000610351562
2016-04-04,27.165000915527344,29.729999542236328,57.7400016784668,109.0999984741211,83.20999908447266,184.89161682128906,133.6199951171875
2016-04-11,27.462499618530273,31.29450035095215,61.869998931884766,110.18000030517578,84.97000122070312,186.33279418945312,135.00999450683594
2016-04-18,26.420000076293945,31.024999618530273,63.970001220703125,113.31999969482422,87.52999877929688,184.71145629882812,135.66000366210938
2016-04-25,23.434999465942383,32.97949981689453,63.20000076293945,112.08000183105469,88.4000015258789,184.6514129638672,133.88999938964844
2016-05-02,23.18000030517578,33.6974983215332,61.599998474121094,112.73999786376953,88.51000213623047,180.86831665039062,135.6999969482422
2016-05-09,22.6299991607666,35.49599838256836,61.20000076293945,113.55999755859375,88.66000366210938,177.98594665527344,133.1300048828125
2016-05-16,23.80500030517578,35.13999938964844,63.5099983215332,112.63999938964844,89.73999786376953,177.50555419921875,131.85000610351562
2016-05-23,25.087499618530273,35.61199951171875,65.43000030517578,113.05999755859375,90.01000213623047,180.86831665039062,133.94000244140625
2016-05-30,24.479999542236328,36.277000427246094,64.63999938964844,114.76000213623047,88.37000274658203,179.7874298095703,131.74000549316406
2016-06-06,24.707500457763672,35.89550018310547,63.84000015258789,117.01000213623047,89.9800033569336,180.38792419433594,128.8300018310547
2016-06-13,23.832500457763672,35.31949996948242,62.279998779296875,115.4800033569336,90.72000122070312,183.75067138671875,127.13999938964844
2016-06-20,23.350000381469727,34.948001861572266,59.599998474121094,115.62999725341797,89.38999938964844,179.06683349609375,126.4000015258789
2016-06-27,23.97249984741211,36.284000396728516,61.2599983215332,121.29000091552734,93.83999633789062,189.09506225585938,129.6199951171875
2016-07-04,24.170000076293945,37.29050064086914,61.83000183105469,122.8499984741211,93.54000091552734,193.35855102539062,134.33999633789062
2016-07-11,24.69499969482422,36.77199935913086,64.18000030517578,123.0,95.12000274658203,197.44189453125,134.77999877929688
2016-07-18,24.665000915527344,37.24300003051758,64.04000091552734,125.02999877929688,94.01000213623047,192.5178680419922,136.52000427246094
2016-07-25,26.052499771118164,37.94049835205078,63.970001220703125,125.2300033569336,88.94999694824219,186.9933319091797,138.24000549316406
2016-08-01,26.8700008392334,38.29899978637695,66.30000305175781,124.23999786376953,87.55999755859375,187.8340301513672,136.91000366210938
2016-08-08,27.045000076293945,38.62799835205078,65.31999969482422,123.22000122070312,87.8499984741211,187.5938262939453,136.57000732421875
2016-08-15,27.34000015258789,37.865501403808594,65.86000061035156,119.91999816894531,87.80000305175781,187.65386962890625,135.4600067138672
2016-08-22,26.735000610351562,38.45000076293945,66.22000122070312,119.04000091552734,87.2699966430664,187.53378295898438,134.36000061035156
2016-08-29,26.9325008392334,38.62200164794922,67.48999786376953,119.31999969482422,87.41999816894531,187.89407348632812,135.14999389648438
2016-09-05,25.782499313354492,38.00699996948242,66.6500015258789,118.2300033569336,86.83999633789062,180.80825805664062,127.73999786376953
2016-09-12,28.729999542236328,38.92599868774414,65.81999969482422,118.25,84.02999877929688,178.2261505126953,126.11000061035156
2016-09-19,28.177499771118164,40.287498474121094,67.25,118.80999755859375,83.44999694824219,179.4871826171875,127.79000091552734
2016-09-26,28.262500762939453,41.865501403808594,66.58999633789062,118.12999725341797,87.27999877929688,177.8658447265625,128.67999267578125
2016-10-03,28.514999389648438,41.971500396728516,68.11000061035156,119.23999786376953,86.73999786376953,174.62318420410156,128.30999755859375
2016-10-10,29.407499313354492,41.14799880981445,67.5199966430664,117.55999755859375,86.54000091552734,173.4822540283203,126.41999816894531
2016-10-17,29.149999618530273,40.949501037597656,68.48999786376953,113.44000244140625,86.62000274658203,174.022705078125,126.5999984741211
2016-10-24,28.43000030517578,38.816001892089844,69.11000061035156,115.33000183105469,84.77999877929688,175.46388244628906,123.58000183105469
2016-10-31,27.209999084472656,37.752498626708984,67.76000213623047,115.11000061035156,83.56999969482422,170.78004455566406,120.91000366210938
2016-11-07,27.107500076293945,36.95050048828125,76.69000244140625,118.47000122070312,85.66999816894531,184.41122436523438,129.85000610351562
2016-11-14,27.514999389648438,38.007999420166016,77.70999908447266,115.36000061035156,85.27999877929688,184.1710205078125,128.3300018310547
2016-11-21,27.947500228881836,39.01850128173828,78.83000183105469,114.12999725341797,87.12000274658203,188.79481506347656,131.57000732421875
2016-11-28,27.475000381469727,37.016998291015625,81.5999984741211,111.95999908447266,87.04000091552734,188.19432067871094,129.8699951171875
2016-12-05,28.487499237060547,38.43299865722656,85.48999786376953,112.26000213623047,89.0,190.83648681640625,133.38999938964844
2016-12-12,28.99250030517578,37.88850021362305,84.94000244140625,115.87999725341797,91.18000030517578,190.65634155273438,135.11000061035156
2016-12-19,29.1299991607666,38.02949905395508,87.05000305175781,115.95999908447266,90.70999908447266,191.43698120117188,135.0500030517578
2016-12-26,28.954999923706055,37.493499755859375,86.29000091552734,115.20999908447266,90.26000213623047,189.75559997558594,134.0800018310547
2017-01-02,29.477500915527344,39.79949951171875,86.12000274658203,116.30000305175781,88.5,189.81564331054688,133.52999877929688
2017-01-09,29.760000228881836,40.856998443603516,86.69999694824219,114.5999984741211,86.3499984741211,188.31442260742188,135.0399932861328
2017-01-16,30.0,40.416500091552734,83.66999816894531,114.1500015258789,85.88999938964844,183.33033752441406,135.60000610351562
2017-01-23,30.487499237060547,41.78850173950195,86.93000030517578,113.37999725341797,85.51000213623047,180.207763671875,138.3300018310547
2017-01-30,32.27000045776367,40.5099983215332,87.18000030517578,113.63999938964844,83.54000091552734,178.3462371826172,137.97999572753906
2017-02-06,33.029998779296875,41.37300109863281,87.0,115.23999786376953,82.5199966430664,178.46633911132812,139.85000610351562
2017-02-13,33.93000030517578,42.253501892089844,90.2300033569336,118.86000061035156,81.76000213623047,182.36953735351562,143.0
2017-02-20,34.165000915527344,42.262001037597656,90.33000183105469,122.7300033569336,81.08000183105469,181.2886505126953,145.9499969482422
2017-02-27,34.94499969482422,42.49399948120117,92.80000305175781,123.79000091552734,82.45999908447266,180.86831665039062,147.80999755859375
2017-03-06,34.78499984741211,42.62300109863281,91.27999877929688,126.20999908447266,81.61000061035156,181.8291015625,146.85000610351562
2017-03-13,34.997501373291016,42.615501403808594,90.68000030517578,128.05999755859375,82.0,179.4271240234375,149.60000610351562
2017-03-20,35.15999984741211,42.28049850463867,87.29000091552734,125.4800033569336,81.2300033569336,178.46633911132812,147.7100067138672
2017-03-27,35.915000915527344,44.32699966430664,87.83999633789062,124.55000305175781,82.01000213623047,178.9467315673828,146.8300018310547
2017-04-03,35.834999084472656,44.74399948120117,86.18000030517578,124.91999816894531,82.76000213623047,180.08767700195312,147.1300048828125
2017-04-10,35.26250076293945,44.23350143432617,84.4000015258789,124.98999786376953,81.69000244140625,177.50555419921875,145.91000366210938
2017-04-17,35.567501068115234,44.92649841308594,84.5199966430664,121.76000213623047,80.69000244140625,177.4455108642578,150.0
2017-04-24,35.912498474121094,46.2495002746582,87.0,123.47000122070312,81.6500015258789,174.08274841308594,156.10000610351562
2017-05-01,37.2400016784668,46.70750045776367,87.0,123.51000213623047,82.0199966430664,175.46388244628906,155.72999572753906
2017-05-08,39.025001525878906,48.067501068115234,86.91999816894531,123.63999938964844,82.55000305175781,169.7592010498047,156.9199981689453
2017-05-15,38.26499938964844,47.992000579833984,84.77999877929688,127.0,81.93000030517578,168.43812561035156,156.3000030517578
2017-05-22,38.40250015258789,49.78900146484375,85.36000061035156,126.91999816894531,81.55000305175781,164.8351593017578,154.89999389648438
2017-05-29,38.86249923706055,50.33649826049805,82.63999938964844,130.0800018310547,79.5,167.4172821044922,155.35000610351562
2017-06-05,37.244998931884766,48.91550064086914,86.95999908447266,131.52999877929688,82.12999725341797,167.77757263183594,152.9600067138672
2017-06-12,35.567501068115234,49.385501861572266,86.18000030517578,134.35000610351562,83.48999786376953,174.14279174804688,156.63999938964844
2017-06-19,36.56999969482422,50.1870002746582,86.86000061035156,136.42999267578125,81.61000061035156,165.55575561523438,151.30999755859375
2017-06-26,36.005001068115234,48.400001525878906,91.4000015258789,132.2899932861328,80.7300033569336,162.1929931640625,153.39999389648438
2017-07-03,36.04499816894531,48.9379997253418,93.8499984741211,132.5399932861328,80.22000122070312,157.0287628173828,152.22999572753906
2017-07-10,37.2599983215332,50.09049987792969,92.25,132.60000610351562,81.27999877929688,160.81185913085938,152.8800048828125
2017-07-17,37.567501068115234,51.28350067138672,90.88999938964844,135.30999755859375,80.12000274658203,155.58758544921875,146.64999389648438
2017-07-24,37.375,51.00199890136719,91.27999877929688,131.85000610351562,79.5999984741211,153.3057098388672,148.0800018310547
2017-07-31,39.09749984741211,49.37900161743164,93.66000366210938,133.17999267578125,80.20999908447266,154.80694580078125,152.75
2017-08-07,39.369998931884766,48.39950180053711,91.41999816894531,133.10000610351562,78.20999908447266,151.32408142089844,154.8800048828125
2017-08-14,39.375,47.923500061035156,90.73999786376953,132.6300048828125,76.63999938964844,147.42088317871094,147.49000549316406
2017-08-21,39.96500015258789,47.26300048828125,91.88999938964844,131.67999267578125,76.72000122070312,147.0605926513672,149.64999389648438
2017-08-28,41.01250076293945,48.912498474121094,91.69999694824219,131.02999877929688,76.56999969482422,150.9637908935547,150.77999877929688
2017-09-04,39.657501220703125,48.29499816894531,88.41999816894531,130.97999572753906,78.81999969482422,143.03729248046875,159.66000366210938
2017-09-11,39.970001220703125,49.339500427246094,91.62000274658203,134.4499969482422,80.06999969482422,143.6978302001953,158.39999389648438
2017-09-18,37.97249984741211,47.755001068115234,94.83000183105469,131.38999938964844,79.91999816894531,149.34246826171875,159.97000122070312
2017-09-25,38.529998779296875,48.067501068115234,95.51000213623047,130.00999450683594,81.9800033569336,145.19906616210938,163.55999755859375
2017-10-02,38.82500076293945,49.479000091552734,96.91999816894531,133.22000122070312,81.70999908447266,146.46009826660156,165.85000610351562
2017-10-09,39.247501373291016,50.14699935913086,95.86000061035156,136.42999267578125,82.41000366210938,137.99314880371094,164.47000122070312
2017-10-16,39.0625,49.14550018310547,99.51000213623047,142.39999389648438,83.11000061035156,143.0973358154297,163.42999267578125
2017-10-23,40.76250076293945,55.04750061035156,101.7699966430664,141.77999877929688,83.70999908447266,124.84236907958984,167.33999633789062
2017-10-30,43.125,55.58000183105469,101.41000366210938,140.0800018310547,83.18000030517578,120.93917083740234,164.38999938964844
2017-11-06,43.66749954223633,56.26750183105469,97.51000213623047,139.55999755859375,82.94000244140625,123.0408935546875,164.11000061035156
2017-11-13,42.537498474121094,56.49399948120117,98.13999938964844,138.0,80.23999786376953,109.34967041015625,167.74000549316406
2017-11-20,43.74250030517578,59.29999923706055,98.31999969482422,138.00999450683594,81.41999816894531,109.22956848144531,172.3300018310547
2017-11-27,42.76250076293945,58.11750030517578,104.79000091552734,139.97999572753906,83.45999908447266,107.3680419921875,180.4199981689453
2017-12-04,42.342498779296875,58.099998474121094,105.93000030517578,140.58999633789062,82.66000366210938,106.34720611572266,183.41000366210938
2017-12-11,43.49250030517578,58.957000732421875,106.13999938964844,142.4600067138672,83.02999877929688,107.00774383544922,182.5800018310547
2017-12-18,43.752498626708984,58.417999267578125,107.44999694824219,140.1199951171875,83.97000122070312,105.08617401123047,188.1300048828125
2017-12-25,42.307498931884766,58.4734992980957,106.94000244140625,139.72000122070312,83.63999938964844,104.78592681884766,189.52999877929688
2018-01-01,43.75,61.457000732421875,108.33999633789062,141.7100067138672,86.75,111.33129119873047,192.5
2018-01-08,44.272499084472656,65.26000213623047,112.66999816894531,145.75999450683594,87.5199966430664,112.65237426757812,196.4199981689453
2018-01-15,44.6150016784668,64.72899627685547,113.01000213623047,147.36000061035156,87.1500015258789,97.64006805419922,201.3300018310547
2018-01-22,42.877498626708984,70.10250091552734,116.31999969482422,145.3300018310547,89.0,96.85942840576172,207.22999572753906
2018-01-29,40.125,71.49749755859375,114.27999877929688,137.67999267578125,84.52999877929688,93.9170150756836,193.97000122070312
2018-02-05,39.102500915527344,66.9800033569336,110.04000091552734,129.52999877929688,75.77999877929688,89.71356201171875,184.1199951171875
2018-02-12,43.10749816894531,72.43450164794922,114.68000030517578,133.14999389648438,76.54000091552734,90.37410736083984,186.97000122070312
2018-02-19,43.875,75.0,117.30999755859375,132.02000427246094,77.52999877929688,87.0113525390625,188.35000610351562
2018-02-26,44.0525016784668,75.01249694824219,113.31999969482422,128.82000732421875,75.55000305175781,84.7895278930664,178.4600067138672
2018-03-05,44.994998931884766,78.94450378417969,118.04000091552734,133.8000030517578,74.55999755859375,89.71356201171875,182.16000366210938
2018-03-12,44.505001068115234,78.58399963378906,115.44000244140625,133.67999267578125,75.12000274658203,85.93046569824219,178.9600067138672
2018-03-19,41.23500061035156,74.77799987792969,107.01000213623047,125.0999984741211,72.88999938964844,78.48435974121094,171.8000030517578
2018-03-26,41.94499969482422,72.36699676513672,109.97000122070312,128.14999389648438,74.61000061035156,80.94637298583984,178.24000549316406
2018-04-02,42.095001220703125,70.2614974975586,109.08999633789062,128.10000610351562,74.87000274658203,78.42430877685547,174.4499969482422
2018-04-09,43.682498931884766,71.53949737548828,110.30000305175781,130.6199951171875,77.83999633789062,81.00642395019531,172.8000030517578
2018-04-16,41.43000030517578,76.37449645996094,111.47000122070312,126.66000366210938,79.0,87.31159973144531,177.00999450683594
2018-04-23,40.58000183105469,78.63099670410156,109.4000015258789,128.27000427246094,77.79000091552734,86.3508071899414,186.4600067138672
2018-04-30,45.95750045776367,79.04750061035156,108.43000030517578,124.19000244140625,76.9000015258789,84.66942596435547,185.02999877929688
2018-05-07,47.147499084472656,80.14550018310547,113.86000061035156,127.23999786376953,81.27999877929688,87.67189025878906,190.30999755859375
2018-05-14,46.57749938964844,78.71849822998047,111.12999725341797,124.23999786376953,81.30000305175781,89.89371490478516,187.4199981689453
2018-05-21,47.14500045776367,80.50749969482422,110.66000366210938,121.47000122070312,78.70999908447266,87.85203552246094,186.85000610351562
2018-05-28,47.560001373291016,82.0770034790039,108.4000015258789,121.26000213623047,81.83000183105469,84.66942596435547,187.35000610351562
2018-06-04,47.92499923706055,84.19950103759766,111.11000061035156,124.05999755859375,83.5999984741211,83.64859008789062,198.3300018310547
2018-06-11,47.209999084472656,85.79850006103516,107.9000015258789,122.61000061035156,80.66000366210938,79.86549377441406,200.5399932861328
2018-06-18,46.22999954223633,85.78350067138672,105.75,122.83999633789062,81.37999725341797,78.3642578125,197.41000366210938
2018-06-25,46.27750015258789,84.98999786376953,104.19999694824219,121.33999633789062,82.7300033569336,81.72701263427734,195.10000610351562
2018-07-02,46.99250030517578,85.53150177001953,104.05999755859375,125.75,82.33000183105469,83.16819763183594,194.47999572753906
2018-07-09,47.83250045776367,90.65149688720703,106.36000061035156,125.93000030517578,83.30999755859375,83.40839385986328,198.69000244140625
2018-07-16,47.86000061035156,90.68499755859375,111.27999877929688,125.8499984741211,81.4000015258789,78.78459930419922,202.4499969482422
2018-07-23,47.744998931884766,90.8635025024414,116.02999877929688,131.5500030517578,81.91999816894531,78.42430877685547,197.13999938964844
2018-07-30,51.997501373291016,91.16449737548828,117.08999633789062,131.9499969482422,80.19999694824219,78.90470123291016,195.63999938964844
2018-08-06,51.88249969482422,94.31500244140625,115.7300033569336,130.75,79.41999816894531,76.68287658691406,196.3000030517578
2018-08-13,54.39500045776367,94.11100006103516,114.7699966430664,134.47000122070312,78.26000213623047,73.86056518554688,195.55999755859375
2018-08-20,54.040000915527344,95.26950073242188,114.68000030517578,135.9499969482422,79.62000274658203,75.0615463256836,201.3000030517578
2018-08-27,56.907501220703125,100.635498046875,114.58000183105469,134.69000244140625,80.16999816894531,77.70372009277344,200.77000427246094
2018-09-03,55.32500076293945,97.60350036621094,114.31999969482422,137.32000732421875,81.83000183105469,74.4610595703125,206.22999572753906
2018-09-10,55.959999084472656,98.5094985961914,113.5,139.49000549316406,82.91999816894531,76.14244079589844,209.07000732421875
2018-09-17,54.415000915527344,95.75050354003906,117.8499984741211,142.8800048828125,85.16999816894531,73.07992553710938,212.38999938964844
2018-09-24,56.435001373291016,100.1500015258789,112.83999633789062,138.1699981689453,85.0199966430664,67.79559326171875,207.14999389648438
2018-10-01,56.0724983215332,94.48249816894531,114.62000274658203,139.10000610351562,85.33999633789062,79.1448974609375,196.3800048828125
2018-10-08,55.52750015258789,89.43049621582031,106.94999694824219,133.8699951171875,81.37999725341797,73.98066711425781,192.47000122070312
2018-10-15,54.82749938964844,88.20149993896484,107.91000366210938,139.0500030517578,81.97000122070312,75.42184448242188,179.85000610351562
2018-10-22,54.07500076293945,82.1405029296875,103.41999816894531,136.97000122070312,77.52999877929688,67.85564422607422,172.22999572753906
2018-10-29,51.869998931884766,83.27649688720703,108.37999725341797,140.67999267578125,81.94999694824219,55.785743713378906,179.92999267578125
2018-11-05,51.11750030517578,85.62149810791016,111.29000091552734,145.33999633789062,80.87000274658203,51.522247314453125,185.99000549316406
2018-11-12,48.38249969482422,79.67050170898438,109.98999786376953,145.99000549316406,78.95999908447266,48.15949249267578,177.02000427246094
2018-11-19,43.0724983215332,75.10299682617188,106.6500015258789,142.22999572753906,75.48999786376953,45.457275390625,168.85000610351562
2018-11-26,44.64500045776367,84.50849914550781,111.19000244140625,146.89999389648438,79.5,45.036930084228516,180.32000732421875
2018-12-03,42.122501373291016,81.45649719238281,103.29000091552734,145.42999267578125,77.63999938964844,42.09451675415039,172.7899932861328
2018-12-10,41.369998931884766,79.59549713134766,100.29000091552734,133.0,75.58000183105469,42.63496017456055,172.2899932861328
2018-12-17,37.682498931884766,68.87249755859375,94.16999816894531,128.08999633789062,68.12000274658203,42.93520736694336,160.47999572753906
2018-12-24,39.057498931884766,73.9010009765625,96.83000183105469,127.2699966430664,68.16999816894531,45.096981048583984,170.22000122070312
2018-12-31,37.064998626708984,78.76950073242188,100.69000244140625,127.83000183105469,71.1500015258789,49.42052459716797,173.6199951171875
2019-01-07,38.0724983215332,82.02799987792969,99.91000366210938,129.75,71.72000122070312,53.68402099609375,179.41000366210938
2019-01-14,39.20500183105469,84.80999755859375,104.58999633789062,130.69000244140625,72.98999786376953,54.40461349487305,179.5800018310547
2019-01-21,39.439998626708984,83.52850341796875,103.38999938964844,128.22999572753906,71.72000122070312,55.005104064941406,180.39999389648438
2019-01-28,41.630001068115234,81.3115005493164,103.87999725341797,134.1999969482422,75.91999816894531,61.1901741027832,184.3699951171875
2019-02-04,42.602500915527344,79.41100311279297,101.36000061035156,132.39999389648438,73.9800033569336,58.90830612182617,184.5399932861328
2019-02-11,42.60499954223633,80.39749908447266,105.55000305175781,136.3800048828125,77.70999908447266,60.589683532714844,192.38999938964844
2019-02-18,43.24250030517578,81.5780029296875,105.0,136.60000610351562,78.41999816894531,61.07007598876953,192.38999938964844
2019-02-25,43.74250030517578,83.58650207519531,104.43000030517578,138.35000610351562,80.0,64.13739013671875,185.1699981689453
2019-03-04,43.227500915527344,81.04000091552734,103.01000213623047,138.05999755859375,79.01000213623047,59.8282585144043,181.22999572753906
2019-03-11,46.529998779296875,85.61799621582031,106.55000305175781,137.60000610351562,80.1500015258789,62.2014045715332,182.22999572753906
2019-03-18,47.76250076293945,88.2385025024414,99.76000213623047,136.91000366210938,80.4800033569336,62.32630920410156,188.75
2019-03-25,47.48749923706055,89.0374984741211,101.2300033569336,139.7899932861328,80.80000305175781,62.38875961303711,191.88999938964844
2019-04-01,49.25,91.86399841308594,105.30999755859375,136.17999267578125,82.48999786376953,62.5136604309082,202.05999755859375
2019-04-08,49.717498779296875,92.15299987792969,111.20999908447266,135.97999572753906,80.91999816894531,56.20608901977539,203.85000610351562
2019-04-15,50.96500015258789,93.08450317382812,113.45999908447266,137.52000427246094,81.12999725341797,58.39188003540039,205.66000366210938
2019-04-22,51.07500076293945,97.53150177001953,114.47000122070312,140.38999938964844,80.48999786376953,59.76580810546875,203.61000061035156
2019-04-29,52.9375,98.12300109863281,116.12000274658203,142.00999450683594,77.47000122070312,65.57376861572266,200.55999755859375
2019-05-06,49.29499816894531,94.4990005493164,112.51000213623047,139.0500030517578,76.55999755859375,63.26307678222656,194.5800018310547
2019-05-13,47.25,93.44999694824219,110.7699966430664,138.61000061035156,75.91000366210938,62.451210021972656,192.5800018310547
2019-05-20,44.74250030517578,91.16400146484375,109.70999908447266,138.85000610351562,74.0999984741211,59.01639175415039,193.58999633789062
2019-05-27,43.76750183105469,88.75350189208984,105.95999908447266,131.14999389648438,70.7699966430664,58.953941345214844,189.85000610351562
2019-06-03,47.537498474121094,90.20149993896484,109.16000366210938,138.5500030517578,74.58000183105469,62.32630920410156,197.3000030517578
2019-06-10,48.185001373291016,93.4834976196289,109.81999969482422,140.08999633789062,74.3499984741211,63.88758850097656,205.77000427246094
2019-06-17,49.69499969482422,95.56500244140625,109.44000244140625,142.08999633789062,77.69000244140625,65.44886779785156,209.38999938964844
2019-06-24,49.47999954223633,94.68150329589844,111.80000305175781,139.27999877929688,76.62999725341797,65.57376861572266,207.97000122070312
2019-07-01,51.057498931884766,97.14550018310547,113.48999786376953,140.57000732421875,76.12999725341797,65.57376861572266,211.4600067138672
2019-07-08,50.82500076293945,100.55000305175781,115.30000305175781,134.3000030517578,77.62999725341797,64.76190185546875,218.22999572753906
2019-07-15,50.647499084472656,98.22599792480469,113.54000091552734,130.30999755859375,74.98999786376953,62.70101547241211,213.0399932861328
2019-07-22,51.935001373291016,97.15249633789062,116.22000122070312,130.72999572753906,74.80999755859375,65.63622283935547,216.91000366210938
2019-07-29,51.005001068115234,91.16200256347656,112.93000030517578,131.07000732421875,71.75,62.451210021972656,212.14999389648438
2019-08-05,50.247501373291016,90.37899780273438,109.73999786376953,132.0399932861328,70.83999633789062,57.14285659790039,210.02000427246094
2019-08-12,51.625,89.62850189208984,107.72000122070312,131.36000061035156,68.30000305175781,54.894615173339844,203.64999389648438
2019-08-19,50.65999984741211,87.48100280761719,106.0199966430664,127.7300033569336,67.48999786376953,49.77361297607422,217.47000122070312
2019-08-26,52.185001373291016,88.81449890136719,109.86000061035156,128.36000061035156,68.4800033569336,51.522247314453125,227.91000366210938
2019-09-02,53.314998626708984,91.67549896240234,112.61000061035156,128.2100067138672,70.93000030517578,54.39500427246094,231.1300048828125
2019-09-09,54.6875,91.96700286865234,120.2300033569336,130.77999877929688,72.63999938964844,58.329429626464844,233.97999572753906
2019-09-16,54.432498931884766,89.70800018310547,118.9000015258789,131.64999389648438,72.08000183105469,58.51678466796875,224.6699981689453
2019-09-23,54.70500183105469,86.27249908447266,117.72000122070312,128.60000610351562,71.4800033569336,56.455894470214844,229.86000061035156
2019-09-30,56.752498626708984,86.98249816894531,114.62000274658203,133.66000366210938,68.97000122070312,53.520687103271484,227.92999267578125
2019-10-07,59.0525016784668,86.59600067138672,116.13999938964844,131.3300018310547,68.9800033569336,54.95706558227539,234.66000366210938
2019-10-14,59.102500915527344,87.87550354003906,120.55999755859375,127.69999694824219,67.61000061035156,55.95628356933594,237.92999267578125
2019-10-21,61.64500045776367,88.06649780273438,126.02999877929688,128.35000610351562,69.25,56.20608901977539,234.3800048828125
2019-10-28,63.95500183105469,89.5719985961914,127.80000305175781,131.1999969482422,69.5999984741211,64.82435607910156,237.33999633789062
2019-11-04,65.03500366210938,89.29399871826172,130.3800048828125,133.0,70.7699966430664,71.94379425048828,232.83999633789062
2019-11-11,66.44000244140625,86.97450256347656,129.52999877929688,134.94000244140625,69.19000244140625,71.94379425048828,237.2899932861328
2019-11-18,65.44499969482422,87.28600311279297,130.7899932861328,138.07000732421875,69.37000274658203,72.13114929199219,218.02999877929688
2019-11-25,66.8125,90.04000091552734,131.75999450683594,137.49000549316406,68.12999725341797,70.38251495361328,220.50999450683594
2019-12-02,67.67749786376953,87.58000183105469,135.0399932861328,140.3800048828125,69.51000213623047,69.32084655761719,214.27999877929688
2019-12-09,68.7874984741211,88.0469970703125,136.80999755859375,141.3800048828125,69.2300033569336,70.81967163085938,214.0800018310547
2019-12-16,69.86000061035156,89.32499694824219,137.24000549316406,146.05999755859375,69.94000244140625,68.88368225097656,221.19000244140625
2019-12-23,72.44999694824219,93.48999786376953,139.13999938964844,145.75,69.88999938964844,69.82044982910156,219.97000122070312
2019-12-30,74.35749816894531,93.74849700927734,138.33999633789062,144.27999877929688,70.33000183105469,74.75409698486328,218.92999267578125
2020-01-06,77.5824966430664,94.15799713134766,136.07000732421875,145.05999755859375,69.13999938964844,72.88056182861328,224.22000122070312
2020-01-13,79.68250274658203,93.23600006103516,138.1999969482422,149.1699981689453,68.55999755859375,73.7548828125,231.91000366210938
2020-01-20,79.57749938964844,93.08200073242188,133.14999389648438,148.32000732421875,66.31999969482422,73.13036346435547,232.0
2020-01-27,77.37750244140625,100.43599700927734,132.36000061035156,148.8699951171875,62.119998931884766,77.75175476074219,228.10000610351562
2020-02-03,80.00749969482422,103.96399688720703,137.1699981689453,151.88999938964844,61.470001220703125,80.1249008178711,237.3000030517578
2020-02-10,81.23750305175781,106.74349975585938,137.4600067138672,150.1300048828125,60.650001525878906,80.1249008178711,245.02999877929688
2020-02-17,78.26249694824219,104.79850006103516,135.80999755859375,149.92999267578125,59.130001068115234,76.50273132324219,245.33999633789062
2020-02-24,68.33999633789062,94.1875,116.11000061035156,134.47999572753906,51.439998626708984,67.94691467285156,217.83999633789062
2020-03-02,72.25749969482422,95.05449676513672,108.08000183105469,142.02999877929688,47.689998626708984,58.70413589477539,228.50999450683594
2020-03-09,69.49250030517578,89.25,103.91000366210938,134.2899932861328,38.119998931884766,49.024200439453125,205.6699981689453
2020-03-16,57.310001373291016,92.30449676513672,83.5,119.88999938964844,32.7400016784668,40.71818923950195,152.14999389648438
2020-03-23,61.935001373291016,95.00499725341797,91.12999725341797,123.16000366210938,36.95000076293945,47.58782196044922,190.5500030517578
2020-03-30,60.352500915527344,95.32949829101562,84.05000305175781,134.1699981689453,39.209999084472656,42.0296630859375,178.6999969482422
2020-04-06,66.99749755859375,102.13800048828125,102.76000213623047,141.22999572753906,43.130001068115234,44.59016418457031,201.52999877929688
2020-04-13,70.69999694824219,118.75,95.18000030517578,152.02000427246094,43.220001220703125,42.71662902832031,209.4199981689453
2020-04-20,70.74250030517578,120.51100158691406,90.70999908447266,154.86000061035156,43.72999954223633,39.09445571899414,212.17999267578125
2020-04-27,72.26750183105469,114.302001953125,93.25,148.2899932861328,43.13999938964844,40.593284606933594,218.57000732421875
2020-05-04,77.53250122070312,118.98049926757812,92.69999694824219,148.6999969482422,46.18000030517578,39.28181076049805,234.42999267578125
2020-05-11,76.92749786376953,120.48899841308594,85.9000015258789,150.44000244140625,42.0,34.28571319580078,239.3300018310547
2020-05-18,79.72250366210938,121.84400177001953,89.47000122070312,144.3699951171875,44.599998474121094,40.031227111816406,241.8800048828125
2020-05-25,79.48500061035156,122.11849975585938,97.30999755859375,148.75,45.470001220703125,41.03044509887695,248.47999572753906
2020-06-01,82.875,124.1500015258789,111.2300033569336,147.3000030517578,53.08000183105469,49.211551666259766,254.89999389648438
2020-06-08,84.69999694824219,127.2509994506836,99.87000274658203,142.14999389648438,47.16999816894531,45.27712631225586,242.4499969482422
2020-06-15,87.43000030517578,133.75050354003906,97.80999755859375,143.8300018310547,45.97999954223633,44.65261459350586,246.64999389648438
2020-06-22,88.40750122070312,134.64349365234375,92.58999633789062,137.80999755859375,43.619998931884766,40.4683837890625,241.00999450683594
2020-06-29,91.02749633789062,144.51499938964844,92.66000366210938,140.97000122070312,44.08000183105469,42.59172439575195,248.5
2020-07-06,95.91999816894531,160.0,96.2699966430664,142.3699951171875,42.650001525878906,41.77985763549805,250.11000061035156
2020-07-13,96.32749938964844,148.09849548339844,98.16000366210938,149.35000610351562,43.52000045776367,44.15300369262695,260.3800048828125
2020-07-20,92.61499786376953,150.44549560546875,98.27999877929688,148.1199951171875,43.43000030517578,42.841529846191406,265.30999755859375
2020-07-27,106.26000213623047,158.23399353027344,96.63999938964844,145.75999450683594,42.08000183105469,37.90788269042969,265.489990234375
2020-08-03,111.11250305175781,158.3730010986328,99.37999725341797,148.60000610351562,43.439998626708984,39.968772888183594,271.6400146484375
2020-08-10,114.90750122070312,157.4010009765625,102.41000366210938,148.24000549316406,43.20000076293945,41.592506408691406,280.54998779296875
2020-08-17,124.37000274658203,164.23599243164062,97.31999969482422,152.75999450683594,41.0099983215332,39.406715393066406,283.2300109863281
2020-08-24,124.80750274658203,170.08999633789062,102.7699966430664,153.63999938964844,40.689998626708984,41.280250549316406,286.2900085449219
2020-08-31,120.95999908447266,164.7310028076172,103.5199966430664,148.58999633789062,39.08000183105469,40.09367752075195,269.6600036621094
2020-09-07,112.0,155.81100463867188,101.06999969482422,147.77999877929688,36.900001525878906,37.158470153808594,276.3299865722656
2020-09-14,106.83999633789062,147.74549865722656,98.3499984741211,149.17999267578125,37.189998626708984,42.9664306640625,275.19000244140625
2020-09-21,112.27999877929688,154.75650024414062,93.47000122070312,145.66000366210938,34.63999938964844,38.15768814086914,268.54998779296875
2020-09-28,113.0199966430664,156.25,97.88999938964844,146.24000549316406,32.97999954223633,39.90632247924805,279.30999755859375
2020-10-05,116.97000122070312,164.33250427246094,101.19999694824219,150.97000122070312,34.7400016784668,42.71662902832031,285.9200134277344
2020-10-12,119.0199966430664,163.635498046875,101.51000213623047,148.10000610351562,34.099998474121094,45.52693176269531,287.6600036621094
2020-10-19,115.04000091552734,160.22000122070312,103.80999755859375,145.24000549316406,34.15999984741211,47.650272369384766,283.0
2020-10-26,108.86000061035156,151.8074951171875,98.04000091552734,137.11000061035156,32.619998931884766,46.33879852294922,266.7099914550781
2020-11-02,118.69000244140625,165.56849670410156,102.95999908447266,142.25,32.779998779296875,50.52302932739258,284.239990234375
2020-11-09,119.26000213623047,156.4405059814453,114.08000183105469,149.89999389648438,36.08000183105469,57.76736831665039,277.1700134277344
2020-11-16,117.33999633789062,154.97000122070312,114.56999969482422,146.36000061035156,36.939998626708984,60.9523811340332,269.80999755859375
2020-11-23,116.58999633789062,159.76699829101562,121.22000122070312,144.0,40.189998626708984,64.94925689697266,275.989990234375
2020-11-30,122.25,158.12899780273438,122.33999633789062,150.27000427246094,41.68000030517578,67.94691467285156,263.989990234375
2020-12-07,122.41000366210938,155.8209991455078,119.55999755859375,152.9499969482422,43.79999923706055,69.69554901123047,264.54998779296875
2020-12-14,126.66000366210938,160.08250427246094,119.08000183105469,154.50999450683594,42.72999954223633,67.50975799560547,270.45001220703125
2020-12-21,131.97000122070312,158.63450622558594,124.5199966430664,152.47000122070312,41.599998474121094,66.51053619384766,270.9200134277344
2020-12-28,132.69000244140625,162.84649658203125,127.06999969482422,157.3800048828125,41.220001220703125,67.44730377197266,265.6199951171875
2021-01-04,132.0500030517578,159.13499450683594,136.02000427246094,160.0399932861328,45.459999084472656,70.81967163085938,269.0899963378906
2021-01-11,127.13999938964844,155.21249389648438,138.63999938964844,160.3000030517578,47.88999938964844,70.75721740722656,275.5899963378906
2021-01-18,139.07000732421875,164.6114959716797,133.7899932861328,163.5500030517578,47.43000030517578,69.38329315185547,284.0
2021-01-25,131.9600067138672,160.30999755859375,128.6699981689453,163.1300048828125,44.84000015258789,66.69789123535156,270.82000732421875
2021-02-01,136.75999450683594,167.6074981689453,137.97999572753906,164.4499969482422,49.95000076293945,71.19438171386719,278.8599853515625
2021-02-08,135.3699951171875,163.885498046875,141.25,166.5800018310547,50.52000045776367,73.2552719116211,277.510009765625
2021-02-15,129.8699951171875,162.4949951171875,148.02000427246094,162.97999572753906,52.369998931884766,75.06635284423828,279.6400146484375
2021-02-22,121.26000213623047,154.64649963378906,147.1699981689453,158.4600067138672,54.369998931884766,78.3138198852539,258.3399963378906
2021-03-01,121.41999816894531,150.0229949951172,150.91000366210938,156.10000610351562,60.93000030517578,84.93364715576172,253.52000427246094
2021-03-08,121.02999877929688,154.47450256347656,156.14999389648438,159.60000610351562,61.970001220703125,78.5636215209961,273.1000061035156
2021-03-15,119.98999786376953,153.7480010986328,155.13999938964844,160.0399932861328,56.4900016784668,82.56050109863281,289.1000061035156
2021-03-22,121.20999908447266,152.60150146484375,155.08999633789062,164.92999267578125,57.709999084472656,81.1241226196289,303.80999755859375
2021-03-29,123.0,158.0500030517578,153.7100067138672,162.8300018310547,57.38999938964844,82.9352035522461,307.75
2021-04-05,133.0,168.61000061035156,156.27999877929688,161.25,55.869998931884766,84.93364715576172,319.2300109863281
2021-04-12,134.16000366210938,169.9720001220703,153.3000030517578,162.24000549316406,56.65999984741211,83.6221694946289,328.0799865722656
2021-04-19,134.32000732421875,167.04400634765625,150.19000244140625,165.52000427246094,55.56999969482422,84.62139129638672,323.8900146484375
2021-04-26,131.4600067138672,173.37100219726562,153.80999755859375,162.72999572753906,57.2400016784668,81.93598937988281,323.6700134277344
2021-05-03,130.2100067138672,164.58050537109375,161.24000549316406,168.5,62.43000030517578,83.06011199951172,339.25
2021-05-10,127.44999694824219,161.14500427246094,164.00999450683594,170.22000122070312,60.77000045776367,82.810302734375,323.6300048828125
2021-05-17,125.43000030517578,160.1540069580078,162.66000366210938,170.9600067138672,58.91999816894531,82.6229476928711,315.7699890136719
2021-05-24,124.61000061035156,161.15350341796875,164.24000549316406,169.25,58.369998931884766,87.80640411376953,318.9100036621094
2021-05-31,125.88999938964844,160.31100463867188,166.44000244140625,165.97000122070312,61.45000076293945,87.18189239501953,311.010009765625
2021-06-07,127.3499984741211,167.3415069580078,160.2899932861328,164.9600067138672,62.16999816894531,85.4957046508789,310.7699890136719
2021-06-14,130.4600067138672,174.34500122070312,147.9199981689453,161.97999572753906,60.400001525878906,79.8126449584961,302.6099853515625
2021-06-21,133.11000061035156,170.072998046875,154.0500030517578,164.2100067138672,64.66000366210938,82.185791015625,313.6300048828125
2021-06-28,139.9600067138672,175.5489959716797,156.02999877929688,168.97999572753906,63.16999816894531,83.434814453125,322.70001220703125
2021-07-05,145.11000061035156,185.9669952392578,155.77000427246094,169.75,61.22999954223633,82.185791015625,322.0899963378906
2021-07-12,146.38999938964844,178.68150329589844,151.91000366210938,168.10000610351562,57.31999969482422,78.37626647949219,321.5400085449219
2021-07-19,148.55999755859375,182.83200073242188,150.63999938964844,171.7899932861328,57.040000915527344,79.37548828125,332.8399963378906
2021-07-26,145.86000061035156,166.37950134277344,151.77999877929688,172.1999969482422,57.56999969482422,80.87431335449219,328.19000244140625
2021-08-02,146.13999938964844,167.2469940185547,157.5,173.11000061035156,57.86000061035156,81.5925064086914,329.8399963378906
2021-08-09,149.10000610351562,164.69850158691406,159.97999572753906,176.25,56.77000045776367,81.9047622680664,331.32000732421875
2021-08-16,148.19000244140625,159.99749755859375,154.72000122070312,179.44000244140625,52.7400016784668,78.10304260253906,329.239990234375
2021-08-23,148.60000610351562,167.48150634765625,163.0500030517578,172.92999267578125,55.77000045776367,82.81810760498047,323.3800048828125
2021-08-30,154.3000030517578,173.90249633789062,159.49000549316406,175.0399932861328,54.869998931884766,81.77205657958984,330.3399963378906
2021-09-06,148.97000122070312,173.45750427246094,157.36000061035156,166.97000122070312,53.97999954223633,79.62528991699219,331.95001220703125
2021-09-13,146.05999755859375,173.12600708007812,157.67999267578125,164.75,55.15999984741211,78.43091583251953,335.6700134277344
2021-09-20,146.9199981689453,171.2760009765625,163.0399932861328,164.36000061035156,57.59000015258789,81.03044128417969,337.489990234375
2021-09-27,142.64999389648438,164.16299438476562,167.1300048828125,160.47000122070312,60.93000030517578,82.60733795166016,329.8599853515625
2021-10-04,142.89999389648438,164.43099975585938,170.22000122070312,160.92999267578125,62.18000030517578,81.7486343383789,334.3399963378906
2021-10-11,144.83999633789062,170.4510040283203,166.61000061035156,161.3000030517578,62.59000015258789,81.50663757324219,350.4100036621094
2021-10-18,148.69000244140625,166.77749633789062,171.77999877929688,163.72000122070312,63.119998931884766,81.22560119628906,365.989990234375
2021-10-25,149.8000030517578,168.6215057373047,169.88999938964844,162.8800048828125,64.47000122070312,81.86573028564453,371.739990234375
2021-11-01,151.27999877929688,175.94949340820312,168.0500030517578,163.42999267578125,65.0199966430664,84.88681030273438,368.3999938964844
2021-11-08,149.99000549316406,176.25750732421875,166.86000061035156,165.00999450683594,63.81999969482422,83.98907470703125,372.6300048828125
2021-11-15,160.5500030517578,183.82850646972656,160.9199981689453,162.88999938964844,60.66999816894531,78.03278350830078,408.69000244140625
2021-11-22,156.80999755859375,175.22799682617188,161.92999267578125,159.1999969482422,61.25,76.3778305053711,402.70001220703125
2021-11-29,161.83999633789062,169.489501953125,158.2899932861328,159.3800048828125,60.88999938964844,72.41998291015625,407.80999755859375
2021-12-06,179.4499969482422,172.21200561523438,159.82000732421875,165.49000549316406,63.0099983215332,75.68305969238281,415.3999938964844
2021-12-13,171.13999938964844,170.0175018310547,156.75999450683594,168.22999572753906,60.029998779296875,71.38954162597656,387.9800109863281
2021-12-20,176.27999877929688,171.06849670410156,157.25999450683594,168.25,61.02000045776367,73.38017272949219,397.07000732421875
2021-12-27,177.57000732421875,166.7169952392578,158.35000610351562,171.07000732421875,61.189998626708984,73.7470703125,415.010009765625
2022-01-03,172.1699981689453,162.5540008544922,167.16000366210938,173.9499969482422,68.87999725341797,79.15690612792969,393.6099853515625
2022-01-10,173.07000732421875,162.13800048828125,157.88999938964844,167.83999633789062,71.87000274658203,80.53083801269531,372.0
2022-01-17,162.41000366210938,142.64300537109375,145.0800018310547,164.8699951171875,72.16999816894531,75.17564392089844,349.1000061035156
2022-01-24,170.3300018310547,143.97799682617188,146.61000061035156,171.7899932861328,75.27999877929688,71.89695739746094,366.5400085449219
2022-01-31,172.38999938964844,157.63949584960938,152.55999755859375,171.6300048828125,81.41000366210938,77.29117584228516,359.6700134277344
2022-02-07,168.63999938964844,153.2935028076172,153.9199981689453,167.7100067138672,80.20999908447266,75.58938598632812,350.2900085449219
2022-02-14,167.3000030517578,152.60150146484375,152.13999938964844,163.36000061035156,77.36000061035156,72.35753631591797,346.8699951171875
2022-02-21,164.85000610351562,153.7884979248047,147.97000122070312,166.0,77.83999633789062,75.23028564453125,316.6499938964844
2022-02-28,163.1699981689453,145.64100646972656,134.39999389648438,169.47999572753906,84.08999633789062,69.58625793457031,324.260009765625
2022-03-07,154.72999572753906,145.52450561523438,128.88999938964844,169.35000610351562,84.91999816894531,72.03746795654297,316.7900085449219
2022-03-14,163.97999572753906,161.25050354003906,140.10000610351562,174.83999633789062,78.66999816894531,74.62139129638672,340.739990234375
2022-03-21,174.72000122070312,164.77349853515625,141.9199981689453,176.9199981689453,85.19999694824219,73.39578247070312,310.67999267578125
2022-03-28,174.30999755859375,163.55999755859375,135.30999755859375,178.19000244140625,83.12000274658203,72.20140838623047,301.8900146484375
2022-04-04,170.08999633789062,154.4604949951172,133.49000549316406,182.1199951171875,86.83999633789062,70.05464172363281,311.1099853515625
2022-04-11,165.2899932861328,151.7064971923828,126.12000274658203,179.89999389648438,87.83000183105469,70.9055404663086,304.5199890136719
2022-04-18,161.7899932861328,144.35000610351562,126.80999755859375,181.5399932861328,85.12999725341797,69.5316162109375,300.1099853515625
2022-04-25,157.64999389648438,124.28150177001953,119.36000061035156,180.4600067138672,85.25,58.196720123291016,300.3999938964844
2022-05-02,157.27999877929688,114.77249908447266,123.72000122070312,176.3699951171875,91.69000244140625,61.06947708129883,294.30999755859375
2022-05-09,147.11000061035156,113.05500030517578,119.08999633789062,176.85000610351562,88.86000061035156,58.587039947509766,296.0299987792969
2022-05-16,137.58999633789062,107.59100341796875,117.33999633789062,176.97999572753906,91.86000061035156,58.743167877197266,287.19000244140625
2022-05-23,149.63999938964844,115.14649963378906,131.27000427246094,181.08999633789062,97.58999633789062,61.48321533203125,308.4599914550781
2022-05-30,145.3800048828125,122.3499984741211,130.16000366210938,176.4199981689453,99.08999633789062,60.08586883544922,305.0799865722656
2022-06-06,137.1300048828125,109.6500015258789,119.55000305175781,172.5500030517578,100.45999908447266,55.60499572753906,289.239990234375
2022-06-13,131.55999755859375,106.22000122070312,113.02999877929688,169.4600067138672,86.12000274658203,51.522247314453125,270.7300109863281
2022-06-20,141.66000366210938,116.45999908447266,117.31999969482422,182.2899932861328,86.9000015258789,52.36534118652344,283.0
2022-06-27,138.92999267578125,109.55999755859375,114.05000305175781,179.52000427246094,87.55000305175781,49.60187530517578,279.0799865722656
2022-07-04,147.0399932861328,115.54000091552734,114.36000061035156,178.27999877929688,86.08000183105469,49.37548828125,286.4700012207031
2022-07-11,150.1699981689453,113.55000305175781,112.94999694824219,178.22999572753906,84.54000091552734,49.07103729248047,292.4100036621094
2022-07-18,154.08999633789062,122.41999816894531,114.76000213623047,172.1199951171875,87.08000183105469,53.231849670410156,306.5899963378906
2022-07-25,162.50999450683594,134.9499969482422,115.36000061035156,174.52000427246094,96.93000030517578,57.697113037109375,300.94000244140625
2022-08-01,165.35000610351562,140.8000030517578,115.76000213623047,171.11000061035156,88.44999694824219,58.04840087890625,309.69000244140625
2022-08-08,172.10000610351562,143.5500030517578,122.12999725341797,165.3000030517578,94.0,62.39656448364258,314.8900146484375
2022-08-15,171.52000427246094,138.22999572753906,118.62999725341797,169.30999755859375,94.08000183105469,60.67135238647461,321.32000732421875
2022-08-22,163.6199951171875,130.75,114.66999816894531,164.27000427246094,97.87000274658203,58.75878143310547,298.1000061035156
2022-08-29,155.80999755859375,127.51000213623047,113.70999908447266,162.74000549316406,95.58999633789062,56.54176330566406,291.8999938964844
2022-09-05,157.3699951171875,133.27000427246094,119.16999816894531,165.7100067138672,96.5,57.7985954284668,299.7699890136719
2022-09-12,150.6999969482422,123.52999877929688,117.08000183105469,167.60000610351562,93.20999908447266,51.826698303222656,275.9700012207031
2022-09-19,150.42999267578125,113.77999877929688,109.13999938964844,166.72000122070312,85.75,50.39031982421875,270.94000244140625
2022-09-26,138.1999969482422,113.0,104.5,163.36000061035156,87.30999755859375,48.329429626464844,275.94000244140625
2022-10-03,140.08999633789062,114.55999755859375,105.9800033569336,160.1999969482422,101.02999877929688,50.39812469482422,284.32000732421875
2022-10-10,138.3800048828125,106.9000015258789,111.19000244140625,164.4600067138672,99.19000244140625,52.74785232543945,276.42999267578125
2022-10-17,147.27000427246094,119.31999969482422,122.2300033569336,168.7100067138672,105.86000061035156,56.846214294433594,275.5299987792969
2022-10-24,155.74000549316406,103.41000366210938,126.08000183105469,174.8699951171875,110.69999694824219,61.14754104614258,298.6499938964844
2022-10-31,138.3800048828125,90.9800033569336,130.67999267578125,171.47999572753906,112.30999755859375,63.286495208740234,284.0299987792969
2022-11-07,149.6999969482422,100.79000091552734,135.3000030517578,169.25,113.94999694824219,67.3770523071289,314.94000244140625
2022-11-14,151.2899932861328,94.13999938964844,133.83999633789062,176.1999969482422,112.08000183105469,66.72911834716797,313.17999267578125
2022-11-21,148.11000061035156,93.41000366210938,136.74000549316406,177.24000549316406,113.20999908447266,68.80561828613281,326.3800048828125
2022-11-28,147.80999755859375,94.12999725341797,135.16000366210938,178.8800048828125,109.86000061035156,67.82201385498047,327.989990234375
2022-12-05,142.16000366210938,89.08999633789062,132.16000366210938,175.74000549316406,103.54000091552734,63.58313751220703,320.4800109863281
2022-12-12,134.50999450683594,87.86000061035156,129.2899932861328,175.6699981689453,104.69999694824219,60.61670684814453,323.3399963378906
2022-12-19,131.86000061035156,85.25,131.27999877929688,177.47999572753906,108.68000030517578,63.84855651855469,318.7300109863281
2022-12-26,129.92999267578125,84.0,134.10000610351562,176.64999389648438,110.30000305175781,65.40983581542969,315.8599853515625
